{"cameraMode":{"drawMode":0,"name":"Shaded","section":"Shading Mode"},"sceneLighting":true,"audioPlay":false,"sceneViewState":{"m_AlwaysRefresh":false,"showFog":true,"showSkybox":true,"showFlares":true,"showImageEffects":true,"showParticleSystems":true,"showVisualEffectGraphs":true,"m_FxEnabled":true},"in2DMode":false,"pivot":{"x":11.009027481079102,"y":3.6501431465148927,"z":-5.06039571762085},"rotation":{"x":0.004939903970807791,"y":0.995057225227356,"z":-0.06877779215574265,"w":0.0714690089225769},"size":10.726668357849121,"orthographic":false}